swarm0,swarm1,swarm2,swarm3,swarm4,swarm5,swarm6,swarm7,swarm8,swarm9,swarm10,swarm11,swarm12,swarm13,swarm14,swarm15,swarm16,swarm17,swarm18,swarm19,swarm20,swarm21,swarm22,swarm23,swarm24,swarm25,swarm26,swarm27,swarm28,swarm29,swarm30,swarm31,swarm32,swarm33,swarm34,swarm35,swarm36,swarm37,swarm38,swarm39,swarm40,swarm41,swarm42,swarm43,swarm44,swarm45,swarm46,swarm47,swarm48,swarm49,swarm50,swarm51,swarm52,swarm53,swarm54,swarm55,swarm56,swarm57,swarm58,swarm59,swarm60,swarm61,swarm62,swarm63,swarm64,swarm65,swarm66,swarm67,swarm68,swarm69,swarm70,swarm71,swarm72,swarm73,swarm74,swarm75,swarm76,swarm77,swarm78,swarm79,swarm80,swarm81,swarm82,swarm83,swarm84,swarm85,swarm86,swarm87,swarm88,swarm89,swarm90,swarm91,swarm92,swarm93,swarm94,swarm95,swarm96,swarm97,swarm98,swarm99
[5.808547 5.618049],[5.289548 5.932733],[6.207339 6.136993],[5.145389 5.297496],[5.124109 5.604706],[6.176809 5.081612],[5.558647 5.926229],[6.340009 6.116342],[5.297715 5.424608],[6.418865 6.437013],[6.462474 5.983759],[5.482976 5.005718],[5.274634 6.432188],[5.233457 5.339332],[5.097479 6.267294],[6.218364 5.839308],[5.713579 5.295372],[6.389058 5.665482],[6.187126 5.457068],[6.498070 5.967817],[5.800536 6.232543],[6.438921 5.279175],[5.485300 6.092790],[5.660065 5.711582],[5.770592 5.532428],[6.144083 5.563061],[6.035691 5.703259],[5.666730 5.697079],[5.253692 6.147551],[5.815388 5.278035],[6.118269 6.065602],[5.462897 6.269028],[5.971481 6.300219],[5.316633 5.884970],[6.102257 6.044866],[5.647543 5.425574],[5.248428 6.097488],[6.446381 5.957646],[6.089841 5.475354],[5.857035 5.398296],[6.224232 6.162141],[5.782845 6.406615],[6.334313 5.136715],[5.290502 6.210873],[5.483853 5.575702],[6.492719 6.145322],[5.806864 5.285049],[5.922951 5.778314],[5.154397 6.470015],[5.631349 5.713646],[5.153710 5.757271],[6.265794 5.616404],[5.645148 5.137959],[5.466566 5.239714],[5.076925 5.774687],[6.450643 6.011989],[6.022523 5.987324],[5.786696 6.451228],[5.554326 6.279005],[5.167413 6.363086],[6.022703 6.141744],[5.555364 5.294374],[5.722480 5.557330],[6.195130 5.700454],[5.892581 5.938702],[5.334169 5.398142],[5.233108 5.949881],[5.884068 5.668304],[5.555260 6.160771],[5.390505 5.973254],[6.066720 5.428885],[5.740784 5.371112],[5.496742 5.909427],[5.153473 5.679928],[6.013435 5.250234],[5.506304 5.048867],[5.719602 5.171732],[5.178516 5.010682],[5.828730 6.107672],[5.387950 5.211919],[6.224314 5.029603],[6.181323 5.694976],[5.507972 6.367874],[5.213806 5.487188],[5.665015 5.171440],[5.913938 5.383628],[5.264337 5.269907],[5.192920 6.203602],[5.123546 5.446709],[5.174658 5.225613],[6.402942 5.139028],[6.106059 6.446117],[6.369105 5.570495],[5.401621 6.467056],[5.042390 5.194448],[5.064642 5.981703],[6.106675 5.279148],[6.269088 6.412164],[5.728244 5.570756],[5.744855 5.822668]
[5.866985 5.841607],[5.501538 5.302795],[5.325462 5.819383],[5.243412 5.345000],[4.912190 5.043261],[5.055259 5.073584],[5.355166 4.457557],[5.514897 4.177191],[5.585910 4.463646],[4.583792 6.065086],[4.213614 3.941768],[4.747323 5.011078],[5.277229 6.488200],[5.561662 5.193953],[5.214584 5.156423],[4.501441 5.652254],[5.357420 4.850378],[6.132868 5.190243],[5.070720 5.283192],[5.067322 5.607260],[5.766925 5.394646],[4.656757 4.340505],[5.026826 6.033752],[5.712265 5.343400],[4.955523 4.995953],[4.239439 5.558183],[5.043528 5.323540],[5.042316 5.339882],[5.001859 4.926549],[5.329405 4.587882],[5.255111 5.555559],[5.216258 5.251685],[5.632316 5.168564],[4.688053 5.089016],[5.333214 4.856624],[5.405053 4.324401],[5.059838 5.230693],[5.798239 4.277603],[4.902493 5.271432],[5.163468 5.591325],[5.745703 6.199510],[5.523918 5.636111],[4.499905 5.490169],[5.135667 5.090459],[4.754081 5.152403],[5.830091 5.458637],[5.962733 5.460218],[5.451560 5.052688],[4.917774 5.195017],[4.955516 5.925518],[5.546057 4.762383],[6.442218 5.103615],[5.807088 4.763318],[4.505764 5.027380],[5.069083 4.327519],[5.238073 4.927990],[6.145904 5.190116],[5.427799 4.177006],[5.268467 5.697729],[4.764688 5.985620],[5.330827 5.728731],[5.189157 4.635229],[4.848188 4.515925],[4.329952 5.291607],[5.210488 5.025184],[4.683770 4.663135],[5.367359 6.023952],[4.474695 4.918320],[5.263512 6.102818],[4.571782 5.717624],[5.671084 4.165960],[5.004393 4.525236],[5.266691 5.767559],[5.286313 4.802576],[4.246888 5.379863],[5.400427 4.797388],[4.713924 5.278340],[5.581644 5.124516],[5.814465 4.279589],[5.231815 5.051546],[4.909017 5.190872],[5.493826 4.955207],[4.736261 4.565371],[4.797576 4.908288],[4.748057 5.180123],[5.414774 4.544965],[4.826183 4.995291],[4.974586 5.000793],[4.993897 5.216137],[5.191805 5.246333],[4.177787 4.946384],[6.304716 5.514567],[4.492591 5.573953],[5.334031 3.860323],[5.460291 5.410663],[4.786915 5.290468],[5.891577 5.701445],[5.755816 4.745693],[5.076503 5.551660],[5.220738 4.652679]
[2.922515 5.466802],[3.314362 4.695809],[4.520136 4.698331],[3.971895 3.392174],[4.772543 3.711728],[4.285794 3.657680],[4.213408 3.670753],[2.931110 3.155547],[3.305788 3.624595],[3.445619 4.574924],[3.089184 2.920773],[3.679528 4.611835],[3.375159 6.397299],[4.217265 5.050206],[3.322126 3.988768],[3.545316 4.440205],[3.138271 3.790267],[5.542858 2.638012],[4.404187 4.229441],[4.348736 2.101826],[3.407811 2.823193],[3.290769 3.086370],[3.798540 4.865546],[4.900324 3.814640],[3.961030 2.879576],[3.240732 2.488882],[4.161398 3.249958],[3.141209 3.134394],[3.617332 3.926741],[4.162463 3.057270],[3.299817 5.055470],[4.481242 2.705245],[4.988750 4.280192],[4.011241 3.747424],[3.182907 4.150369],[4.581081 3.623687],[3.446799 3.561516],[2.375909 3.179908],[4.182484 2.824217],[3.860215 5.540392],[2.848635 3.592703],[4.398679 3.511364],[3.117784 3.166522],[4.657879 3.237820],[3.695906 4.171557],[3.257642 2.546983],[4.344271 4.962376],[4.555874 4.050024],[4.359782 3.165398],[4.276425 5.458917],[4.188277 2.666700],[2.768661 4.667051],[5.368516 3.668518],[3.883485 3.168885],[4.915626 3.232420],[3.345950 2.415673],[3.943175 2.424109],[3.766624 2.680029],[3.279916 4.001231],[3.699943 5.671494],[3.886641 5.324406],[3.393456 4.142125],[3.618246 3.699741],[3.310327 3.951520],[4.732812 2.917450],[3.478524 3.156221],[3.351044 3.502098],[3.434728 3.335006],[4.227124 4.583114],[3.461445 3.204070],[4.143263 3.188664],[4.418940 2.994318],[4.206966 2.050206],[4.459351 4.271627],[3.360295 3.029719],[4.740991 3.927715],[3.880718 4.458494],[4.680599 3.371658],[3.261454 2.737672],[4.704044 4.836714],[3.841199 4.444986],[4.838379 2.883641],[3.387464 2.456790],[4.207480 4.237958],[3.258249 4.092529],[3.746616 2.963953],[3.740276 4.032338],[4.650990 2.895841],[4.186933 3.413481],[3.968221 4.574959],[3.102625 3.834056],[5.378710 3.781444],[3.293012 2.486885],[4.012406 2.584238],[4.987491 2.916272],[3.910169 3.527172],[3.623484 3.223907],[3.584798 3.863939],[3.804233 3.388368],[3.774838 3.416593]
[0.693402 1.874828],[1.941847 3.298728],[3.957981 1.476648],[0.491050 2.389093],[3.934233 2.595536],[2.099752 2.583725],[0.883227 3.115846],[0.670591 2.684000],[0.411013 2.461067],[2.804918 3.723229],[1.580503 2.700153],[0.858698 4.309517],[1.602948 5.510099],[0.138921 4.177641],[1.346055 2.720637],[2.671794 3.247549],[1.378085 2.844887],[0.638530 2.039169],[1.783439 3.283427],[0.478597 2.026732],[0.466713 1.913373],[1.597282 2.484508],[2.313448 3.841486],[3.086262 2.844043],[3.057106 2.384874],[1.293365 0.984798],[3.022107 2.129353],[1.679552 2.034502],[1.888614 2.106793],[3.163104 2.493563],[1.474755 2.138701],[1.829617 1.454454],[3.193268 2.638836],[2.047772 2.551423],[0.900277 2.211678],[1.094013 2.820444],[2.360668 2.113009],[0.664743 2.631060],[0.663751 1.982656],[1.953976 4.174055],[0.834422 1.983899],[2.484184 2.187438],[1.125749 2.016161],[0.631311 2.253883],[0.838628 3.495684],[0.725256 1.526144],[-0.166103 3.747356],[1.981417 2.008028],[3.345407 2.168453],[2.833925 2.121225],[0.287178 2.092531],[0.602371 3.764380],[0.265620 2.598878],[3.526839 2.254968],[4.245301 2.610361],[1.080859 2.006969],[0.945500 2.435272],[0.271927 2.140801],[1.887296 2.688599],[1.018611 3.539983],[0.464504 2.120868],[0.903971 3.121392],[1.529655 2.964186],[1.763490 1.811099],[3.554042 2.255862],[2.339006 2.415870],[2.269960 1.762119],[1.030857 2.296259],[0.570405 3.607852],[1.866868 1.902499],[1.700773 2.697722],[0.462860 2.266936],[0.804999 0.965091],[0.383502 2.469507],[1.472263 2.080428],[3.966192 2.396638],[3.385878 1.932910],[0.914410 2.389423],[0.688681 2.710143],[2.457677 1.488584],[0.732997 2.445785],[0.261281 2.025951],[1.450000 2.479453],[2.927953 2.096620],[1.856719 3.487817],[0.676952 2.519959],[3.069913 3.044567],[3.108502 1.887204],[3.321765 2.393389],[2.147652 2.652614],[1.828831 2.279509],[1.567401 2.847801],[2.630719 1.493637],[1.524233 2.480216],[3.408644 1.771917],[2.791691 2.426775],[1.788189 1.968690],[1.398000 3.421859],[2.322414 2.153477],[2.840072 2.591823]
[-0.246621 -1.337257],[-0.818065 1.145287],[1.620076 -0.805577],[-0.934397 0.259489],[0.761707 -0.765526],[0.063793 0.056100],[-0.821552 -0.736902],[-0.352436 0.791190],[-0.450866 0.175286],[1.178328 1.169592],[0.554013 1.022636],[-0.587706 2.263794],[-0.030768 2.941247],[-1.224952 2.001293],[-0.115575 -0.102985],[0.914799 1.545937],[0.025154 -0.689664],[-1.572718 1.091635],[-1.306156 1.313957],[-0.963903 1.794248],[-0.397050 0.266236],[-0.328244 0.248419],[0.973286 2.892041],[-1.703444 1.495785],[1.627342 0.303934],[-0.616286 0.205594],[-0.059180 1.192174],[0.113146 0.814718],[-0.400797 -0.906417],[2.363787 0.521374],[0.204718 -0.203761],[-1.418689 0.819232],[-2.331554 0.195516],[-0.659533 -0.116220],[-0.397911 -0.005537],[-0.851118 0.962427],[-0.848876 0.917546],[0.086836 -0.537311],[-0.843630 0.913481],[0.613181 3.110626],[-0.173087 1.073743],[-1.689253 0.576357],[-0.489721 1.114497],[-1.240600 0.670851],[-0.654753 1.112037],[-0.516099 0.153322],[-1.352528 2.087862],[-1.128608 0.054895],[2.741510 1.052884],[-0.254492 0.409911],[-0.681697 0.921056],[-0.325498 -1.946223],[-2.245627 -0.311914],[2.307054 1.150719],[1.357492 1.750838],[-0.511492 0.478048],[-0.696755 0.931172],[-0.817658 0.949892],[-0.904717 1.428038],[-0.716134 -2.626425],[-1.138302 -1.218439],[-0.408251 0.021631],[-0.864038 2.532316],[0.528725 -0.429190],[-0.341110 0.673743],[0.525127 0.759986],[-0.185764 0.090060],[-0.220568 1.421732],[-1.106131 -0.276261],[0.879119 0.982945],[0.088345 1.831751],[-1.388534 0.292736],[-0.895984 0.422534],[-0.935474 0.394196],[0.359689 0.441281],[1.353195 -0.069908],[-0.541673 -0.926950],[-1.051464 1.475010],[-0.422044 1.734489],[-1.547434 -0.782524],[-0.687524 0.630985],[-1.708427 1.207727],[-0.383564 0.264608],[2.136789 0.323113],[-0.775635 1.256014],[-0.771821 2.270121],[2.662363 1.185843],[0.891309 1.289398],[1.322233 0.811885],[0.032727 -1.606648],[0.847702 0.317527],[-1.421908 -0.054796],[-0.443583 0.776273],[-0.711143 2.200169],[2.350726 0.456328],[0.942859 1.045219],[-0.819907 0.844134],[-0.271000 1.239366],[0.749526 -0.554886],[-1.351296 2.166802]
[-0.618545 -2.681212],[-1.519744 -1.122017],[-1.994020 -1.183394],[-1.150156 -0.975354],[-1.307645 -1.345684],[-0.954187 -1.207713],[0.087229 -2.275259],[-0.399656 -0.968046],[-0.826435 -1.168084],[-0.396808 -0.398985],[-0.295662 -1.557484],[-1.136498 -2.783234],[-0.709121 0.783877],[0.587868 -2.383342],[-0.586278 -1.250756],[-1.424345 -0.597875],[-0.574748 -1.979888],[0.084450 -0.877612],[-1.495600 -1.376091],[-1.455971 -1.705788],[-0.414614 -0.911494],[-1.086726 -1.094288],[-1.218129 0.103285],[-4.013473 0.709760],[-0.074586 -1.196317],[-0.899638 -0.320459],[-1.529898 0.719821],[-0.727543 0.187896],[-1.178200 -2.015454],[-0.952088 -0.869310],[-0.470488 -1.205271],[-2.768236 -0.417510],[-3.464157 -1.116485],[-1.641177 -1.191263],[-0.469462 -1.094350],[-1.295105 -1.371487],[-0.883564 -0.624165],[-0.202811 -1.379690],[-0.210900 -1.028480],[-0.184465 -2.492655],[-0.378188 -0.647226],[-3.673836 -0.278374],[-0.976711 -0.620950],[-0.341716 -0.401408],[-1.075429 -0.779407],[-0.123905 -0.688050],[-1.699234 0.275582],[-2.009349 -0.919469],[-0.849513 -1.092132],[-1.696398 -1.098877],[-0.844147 -0.254385],[-0.720521 -4.756877],[-1.104596 -1.129728],[1.367100 -0.431659],[-2.291187 -1.757647],[-0.522775 -1.045036],[-0.216752 -1.167729],[-0.185658 -0.813898],[-1.125672 0.243797],[-0.640769 -2.229654],[-0.333376 -1.721761],[-0.555834 -1.507256],[-1.006136 0.472021],[-0.621836 -1.090289],[-2.209783 -1.116035],[-0.662203 -0.374667],[-1.107292 -0.759446],[-0.547249 -0.562088],[-1.620199 -2.006399],[-0.669242 -1.118910],[-0.765000 -0.653248],[-2.121063 -0.948639],[0.108870 0.022469],[-0.795573 -1.200607],[-0.415771 -1.114275],[-2.112009 -1.092459],[-1.801395 -1.689114],[0.036208 0.892062],[-0.774869 -0.649772],[-2.514924 -0.981813],[-1.306922 -0.419505],[0.594928 0.517638],[-0.725651 -1.132352],[1.396554 -0.603547],[-0.633176 -0.750317],[0.078592 -2.070550],[1.727936 -1.752085],[-1.044042 -0.086490],[-0.810317 -1.144365],[-1.007195 -2.502027],[-0.209872 -0.957788],[-0.880733 -1.427535],[-1.067404 -0.704513],[-0.745304 0.701879],[0.534472 -0.772284],[-1.118380 -0.370752],[-1.367680 -0.212143],[-0.787672 0.014177],[-0.407804 -1.311620],[-0.668802 -1.738311]
[-0.440215 -0.310267],[0.182805 0.088860],[-1.364565 0.978875],[0.891346 -1.352767],[-1.141361 0.533007],[-0.865415 -0.958845],[0.519740 0.312506],[-0.245717 -0.878272],[0.669236 -1.754608],[-0.966333 -0.352135],[-0.710292 -0.507332],[-1.144244 -3.578336],[-0.401038 -1.078369],[1.367164 -0.010824],[0.341992 -0.393711],[-1.766327 -1.460681],[-0.770985 0.058896],[0.912948 -1.366328],[-0.893401 -0.389023],[1.325934 -2.814571],[0.109880 -0.956217],[-0.157398 -0.046121],[-1.840143 -1.304575],[1.571340 -0.243563],[-0.686479 -1.417568],[0.852686 -0.499660],[-0.229835 -0.000698],[-0.043592 -0.223501],[-1.468555 -0.943745],[-2.599249 -1.442934],[-0.035319 -1.615591],[-2.155075 -0.615864],[2.754822 -1.564086],[-0.038316 -0.902058],[-0.277357 -0.386029],[-0.335918 -1.478157],[-0.263032 -0.195227],[-0.099834 0.813550],[0.364853 -0.496736],[-0.536061 -2.059139],[-0.005440 -1.499008],[0.712361 -0.551786],[-0.469301 -0.902337],[0.115704 -0.798871],[0.169135 -1.424374],[0.418106 -0.470245],[-1.443371 -0.912433],[-2.082220 0.425964],[-1.178710 -2.119744],[-1.115447 -0.036185],[0.501082 -0.627338],[-0.359440 1.393786],[1.671352 -0.592066],[-0.149142 -1.165242],[0.022806 -1.482232],[-0.023221 -1.001904],[0.485695 -0.292650],[0.470310 -0.038603],[1.082395 -0.546506],[0.488379 0.150825],[0.756848 -1.128691],[0.273917 -1.327541],[-0.430499 -0.815067],[-1.144493 0.292312],[-1.532806 -0.113649],[0.144091 -0.886783],[-0.238076 0.375252],[0.022445 -0.512449],[0.543392 1.199724],[-1.190380 -1.802774],[-0.500409 -0.594521],[-0.431661 -1.217006],[0.563608 -0.111444],[-0.198349 -1.335613],[-0.596807 -1.802655],[-0.334438 -0.679589],[-0.381920 -0.668909],[0.595236 -0.066054],[0.342547 -1.413658],[0.832167 -0.710579],[-1.320870 -0.301066],[1.269934 -0.625024],[0.073375 -0.658867],[0.607446 -0.880155],[-0.502636 -1.312502],[0.496874 -3.412111],[-0.259520 0.306016],[-0.503812 -0.527923],[-1.615371 -0.891291],[0.201141 0.736397],[-0.653355 0.238791],[0.116033 0.480629],[-1.319210 -1.135254],[-0.702732 -0.702315],[-0.624942 -0.011184],[-0.148072 -0.838675],[0.033044 -0.303379],[-0.288098 -0.571417],[-0.527409 0.654850],[0.202252 -1.605958]
[0.459785 1.321375],[0.928507 0.686277],[1.500818 0.278990],[1.609737 -0.057768],[-0.196320 0.746874],[-0.557596 0.910158],[0.112732 1.249126],[-0.165631 0.712996],[0.911375 -0.482693],[-0.384473 0.127256],[-0.563640 0.240968],[-1.138078 -3.017895],[-0.013451 0.199246],[0.694155 1.235455],[0.630120 0.655295],[1.687968 0.477892],[-0.775743 1.076756],[0.184944 0.564812],[0.968486 0.398427],[1.057252 -0.221277],[0.282986 -0.157799],[0.570285 0.671744],[-0.944499 -1.867225],[4.102008 -0.300600],[-0.267523 0.195493],[0.802371 -0.520024],[0.693077 -0.277386],[0.357227 -0.403729],[-1.268296 0.585255],[-1.501551 -1.402373],[0.377739 1.311424],[1.471292 -0.644139],[4.808618 -0.877679],[0.865310 -0.151934],[-0.130004 0.265227],[0.930063 1.077263],[0.337278 0.249169],[0.169515 1.379214],[0.616965 0.267965],[0.377050 -0.433340],[0.191593 0.152469],[2.683754 0.441695],[0.237687 -0.087860],[0.255978 -0.485410],[0.626961 -0.053827],[0.096070 0.379001],[0.783376 -0.518281],[-0.681643 0.835328],[-1.189058 0.729486],[1.495762 0.514312],[1.129118 -0.020242],[-0.122825 2.585843],[0.929526 0.399079],[-0.659005 -0.309911],[1.218753 -0.247893],[0.227157 0.217025],[0.082726 0.521352],[0.264809 0.411687],[1.819132 -0.742379],[0.555045 1.306096],[0.585439 0.308072],[0.611965 0.794727],[0.714022 -0.427647],[-1.089147 0.538888],[1.566967 0.695124],[0.545364 -0.843739],[0.766758 0.823815],[0.371280 -0.188599],[0.855164 2.660121],[0.120578 -0.978724],[0.435943 -0.102599],[1.023962 0.212917],[0.709251 -0.123649],[0.227581 -0.136769],[0.118242 0.920601],[0.763816 0.449429],[0.675209 -0.138791],[0.612625 -0.365684],[0.895641 -0.943573],[1.583668 0.051246],[-1.133748 0.342541],[1.150490 -0.836777],[0.465676 -0.340111],[0.194868 -0.080544],[0.036854 -0.915913],[0.186927 2.727468],[-0.869196 0.926664],[0.535940 -0.117971],[-1.188056 -0.170212],[0.625392 1.207649],[-0.603036 0.789360],[0.567777 1.418257],[0.246020 -1.320952],[0.702172 -0.044403],[0.119381 0.389254],[0.491648 -0.815572],[0.734183 -0.141440],[0.555322 -0.780103],[0.240617 1.267215],[0.634278 -0.513992]
[0.252798 0.680183],[0.880791 -0.203313],[0.307220 -0.339113],[0.811683 0.737174],[0.508639 -0.320258],[0.704342 1.841332],[-0.173755 -0.421633],[0.108943 1.479925],[0.895997 0.204663],[0.758379 0.293455],[-0.155062 0.350105],[0.772699 2.115922],[0.212792 0.678955],[-0.432497 0.737907],[0.653867 0.456507],[0.270611 0.672888],[-0.575970 0.337932],[-0.392351 1.467643],[1.269717 0.682058],[-0.818755 1.607780],[0.098413 0.383941],[0.436560 0.791966],[-0.126850 0.062021],[-2.513644 -0.325342],[0.421073 0.912121],[0.419332 -0.133446],[0.109994 -0.205222],[0.462882 0.402513],[-0.248435 0.485784],[-0.794451 0.062854],[-0.011225 1.800127],[1.769638 0.240980],[3.548057 0.924531],[-0.115925 0.299823],[0.084315 0.455582],[0.660929 1.586024],[0.451962 0.280542],[0.243959 -0.772058],[0.177880 0.368421],[0.503007 1.035625],[0.130720 0.843728],[-0.498108 0.538925],[0.525187 0.488366],[0.201704 0.448658],[-0.230308 0.703476],[-0.092017 0.450108],[1.837384 0.546179],[0.742989 0.525608],[0.936799 1.722807],[0.383349 0.416884],[-0.222861 0.289450],[0.364142 1.655198],[0.000905 0.607350],[-0.446503 0.372825],[-0.056430 0.959681],[0.176885 0.599506],[-0.142363 0.443799],[-0.187024 -0.062859],[0.067192 0.583608],[0.333289 1.270922],[-0.402253 0.891624],[0.190449 1.565650],[0.863312 -0.155887],[-0.017540 -0.128863],[1.923258 0.057179],[0.586932 0.638988],[0.878006 0.570270],[0.286072 -0.010023],[-0.466762 0.134176],[0.702244 0.458004],[0.335041 0.247013],[0.342630 0.700393],[0.093386 0.116377],[0.208625 0.597477],[0.438205 1.592909],[0.102606 0.579597],[-0.011332 0.233881],[0.149782 -0.221572],[0.059508 1.209634],[-0.167572 0.437388],[1.175547 0.350129],[-0.933428 -0.917265],[0.439122 0.446412],[-0.213868 0.569748],[0.334212 0.651021],[-0.125597 4.033891],[-1.144425 0.291921],[0.309940 0.228576],[-0.107258 0.346072],[0.553465 1.264853],[-0.563697 0.313656],[-0.135140 1.130291],[0.953836 0.978980],[1.118402 0.380789],[0.387514 0.129860],[0.036945 0.154568],[0.941890 0.170054],[0.850051 -0.564936],[0.493340 0.222799],[0.569449 0.052620]
[-0.155541 0.204909],[-0.496570 -0.567862],[-0.511376 -0.340368],[0.122442 0.938287],[0.343931 -0.302470],[1.086060 1.239168],[-0.125957 -0.430958],[0.168849 0.433468],[0.513797 0.311912],[1.147569 0.376206],[0.067617 0.149688],[1.231120 0.569465],[0.136690 0.624360],[-0.515345 0.066643],[0.161244 -0.224018],[-0.553473 -0.355144],[0.801044 -0.273340],[-0.025390 0.249953],[0.875817 -0.211398],[-1.096729 0.621796],[-0.063040 0.022222],[0.180330 0.200522],[0.651704 1.023420],[-2.191640 0.144777],[0.169413 0.547310],[-0.182909 0.239241],[-0.252086 0.281181],[-0.103637 0.780977],[0.755932 0.087736],[-0.229024 0.787535],[-0.170567 -1.367349],[1.287393 0.315026],[2.152621 0.393548],[-0.424352 0.446837],[0.188443 0.140109],[0.195872 -0.033119],[-0.021151 0.250318],[0.190637 -1.277474],[-0.231818 0.162581],[-0.307865 0.212717],[0.083641 0.516021],[-1.699930 -0.270704],[0.213605 -0.020949],[0.095661 0.494597],[-0.443660 -0.202273],[-0.166703 0.121042],[-0.575687 0.426973],[1.349470 0.127394],[0.713495 0.374283],[-0.184854 0.013289],[-0.354793 0.345163],[0.338655 0.673688],[-0.444789 -0.317409],[-0.097343 0.452764],[-0.590596 0.100488],[0.011359 -0.007561],[-0.148668 -0.283099],[0.043434 -0.241755],[-0.815183 0.611496],[0.188626 -0.588454],[-0.345201 1.076468],[-0.113620 -0.577578],[-0.179128 0.046885],[0.544114 -0.094668],[-0.329342 -0.262489],[0.381380 1.110185],[0.623713 -0.511434],[-0.116652 0.207193],[-0.832142 -1.214982],[0.047415 1.037805],[0.263831 0.331712],[-0.261375 0.662015],[-0.244670 0.119039],[0.101969 0.184072],[0.300431 -0.936782],[-0.246474 -0.118959],[-0.278612 0.337204],[-0.198076 0.304409],[-0.350062 0.805475],[-0.740197 -0.048458],[2.178488 0.284166],[-0.748745 -0.262415],[0.240072 0.228681],[0.117086 0.011657],[0.126505 0.399034],[-0.196832 2.678373],[-0.126777 -0.214210],[0.025200 0.394294],[0.440434 0.298561],[-0.365234 -0.609324],[0.209056 -0.247268],[-0.274532 -0.077886],[1.216789 1.811180],[-0.623178 0.317991],[-0.049348 -0.078705],[-0.181184 0.459303],[0.753207 0.142243],[0.469699 0.541931],[0.422368 -0.568709],[0.283654 0.339648]
[-0.282411 -0.371696],[-0.776184 0.072365],[-0.622085 0.079746],[-0.299753 -0.592993],[-0.252829 -0.276063],[0.770590 -0.065799],[-0.080648 -0.343162],[0.009147 -0.872717],[-0.069229 0.307256],[0.382779 -0.348566],[0.129710 -0.153349],[0.238131 -0.279809],[-0.033581 -0.139789],[0.080360 -0.382980],[-0.109649 -0.464560],[-0.867052 -0.793465],[0.819090 -0.177580],[0.174454 -0.632364],[-0.855981 -0.449171],[0.752609 -0.303409],[-0.135917 -0.211099],[-0.126663 -0.382528],[0.967326 0.823776],[-0.049694 0.148325],[-0.177468 0.234052],[-0.238187 0.344341],[-0.074403 0.171207],[-0.203217 0.501774],[0.464835 -0.160628],[0.181166 0.485271],[0.051204 -1.993464],[-0.601167 0.277938],[-1.298278 -0.326059],[-0.021195 -0.002844],[0.185555 -0.031411],[-0.274776 -0.828399],[-0.247964 0.041784],[-0.129498 -0.348688],[-0.347576 0.017594],[-0.319907 -0.386006],[-0.063213 0.271577],[-1.187929 -0.270435],[-0.279632 -0.266609],[-0.043829 -0.309648],[-0.461408 -0.604327],[-0.182152 -0.145649],[-1.209678 -0.016673],[-0.267709 -0.219392],[0.380188 -0.749812],[-0.434050 -0.205082],[0.256575 -0.069032],[-0.288378 0.111121],[-0.071778 -0.382254],[0.077571 0.340004],[0.290781 -0.532045],[-0.071404 -0.311094],[0.004809 -0.370633],[0.150000 -0.230258],[-0.937048 -0.578238],[-0.005628 -0.655425],[0.145082 0.790942],[-0.237114 -1.151657],[-0.393916 0.085797],[0.291536 -0.004471],[-1.108678 -0.226724],[-0.376152 0.589672],[-0.224602 -0.523290],[-0.204352 0.081140],[-0.479572 -0.364036],[-0.318700 -0.133927],[0.042121 -0.203029],[-0.295052 0.340173],[-0.409516 -0.129650],[-0.123543 -0.317257],[-0.181101 -1.033562],[-0.293157 -0.425038],[-0.057026 0.100476],[-0.083715 0.467452],[-0.165928 -0.984530],[-0.430631 -0.243411],[-1.120161 0.197679],[0.145009 0.477971],[0.084584 0.052615],[0.081800 -0.295194],[-0.093438 -0.029706],[-0.014890 -2.987006],[0.588967 -0.132997],[-0.123612 0.390102],[0.709671 -0.304887],[-0.389394 -0.375211],[0.386713 -0.178881],[-0.230403 -0.669250],[0.982837 0.830349],[-0.698872 -0.272593],[-0.187027 -0.115628],[-0.095690 0.484172],[-0.134259 -0.103789],[-0.106700 0.252410],[-0.302320 -0.647286],[-0.008000 -0.009639]
[-0.207012 0.033240],[-0.821543 0.296704],[0.087214 0.212965],[-0.382022 -0.807235],[-0.160389 0.092178],[0.538990 -0.658219],[-0.026508 0.191720],[-0.074322 -1.402161],[-0.270423 0.045019],[-0.133107 -0.391209],[-0.008104 -0.081331],[-0.596148 -0.344480],[-0.070843 -0.427068],[0.247129 0.085562],[-0.226834 -0.115880],[0.328446 -0.135627],[-0.730237 0.109101],[0.088468 -0.849765],[-1.634544 -0.127524],[1.652188 -0.332159],[-0.068498 -0.054633],[-0.158242 -0.268836],[0.702812 0.266754],[1.098897 0.133371],[-0.233655 -0.374455],[-0.066768 -0.017060],[0.073633 -0.175866],[-0.078370 -0.477369],[-0.393678 -0.133962],[0.085970 -0.419151],[0.130235 0.536120],[-0.396410 0.204328],[-1.144864 -0.150839],[0.195142 -0.239752],[-0.053987 -0.107948],[-0.174579 -0.162432],[-0.058360 -0.121926],[-0.164720 0.644392],[-0.255164 -0.097261],[0.104864 -0.366459],[-0.133141 0.028105],[0.796431 0.229324],[-0.164019 0.018457],[-0.050196 -0.615196],[0.307929 -0.743439],[0.049039 -0.147458],[0.247311 -0.235142],[-0.725282 -0.235684],[0.207800 0.098305],[0.019383 -0.288573],[0.037055 -0.167091],[-0.304792 -0.209136],[0.135051 0.064286],[0.053123 -0.112671],[0.375341 -0.135915],[0.000990 -0.171920],[0.078549 -0.014955],[-0.091731 -0.107513],[0.475158 -0.792551],[-0.106004 -0.238376],[0.389041 0.076886],[-0.162136 -0.902942],[-0.209029 -0.062903],[0.131409 0.038832],[-0.305366 0.220979],[-0.274093 0.223698],[-0.391876 -0.056712],[-0.226695 -0.056294],[0.289219 0.498781],[-0.469165 -0.659687],[-0.079253 -0.423541],[0.041307 -0.065560],[0.126546 -0.214179],[-0.039634 0.037410],[-0.280655 -0.760054],[-0.058313 -0.220045],[0.056104 -0.045656],[0.064034 -0.048550],[-0.008527 -1.843796],[0.301055 -0.336014],[-2.273407 -0.243058],[0.312119 0.242401],[-0.097034 -0.077002],[0.059851 -0.347125],[-0.120486 -0.218640],[0.082640 -4.786792],[0.514424 0.119372],[-0.161729 0.021367],[0.725606 -0.454793],[-0.194366 -0.253877],[0.346954 0.041861],[-0.140786 -0.264728],[-0.409749 -0.042086],[-0.417557 -0.105067],[0.050349 0.041368],[0.084884 0.391733],[-0.470744 -0.081738],[-0.349403 -0.083506],[-0.610141 -0.580408],[-0.153827 -0.184283]
[0.145583 0.206641],[0.409682 0.006404],[0.414957 0.103533],[0.175046 0.634257],[0.173652 0.217158],[-0.107191 0.106974],[0.010115 0.341970],[-0.026088 0.552389],[-0.238938 -0.108942],[-0.312037 -0.363483],[-0.076924 0.062426],[-0.682879 0.237695],[-0.051463 -0.560275],[0.017213 0.134444],[-0.044823 0.065374],[0.867733 0.405362],[-0.289822 0.189586],[-0.047600 0.377803],[-1.756844 0.178502],[0.273808 -0.143586],[0.048584 0.087373],[-0.080054 0.098584],[-0.041681 -0.360310],[-0.307225 -0.042883],[0.157923 -0.279335],[0.030339 -0.188941],[0.064385 -0.346680],[0.005662 -0.243986],[-0.216953 0.069436],[-0.058846 -0.180202],[-0.054787 1.101611],[-0.059866 -0.072411],[-0.589532 0.189538],[0.235000 -0.221225],[-0.113327 -0.074548],[-0.073664 0.193559],[0.080849 -0.176433],[0.081991 0.967181],[-0.203423 -0.121208],[0.173705 0.326906],[-0.104963 -0.117282],[1.367949 0.226275],[0.002951 0.121290],[-0.000368 -0.617638],[0.332115 -0.794782],[0.135633 0.058017],[0.789590 -0.050667],[-0.511624 0.136162],[-0.007494 0.355116],[0.222348 -0.197892],[-0.130404 -0.025029],[-0.016067 -0.177475],[0.216034 0.273960],[-0.004732 -0.325813],[0.032153 0.145386],[0.023219 0.165121],[0.040129 0.171245],[-0.068628 0.026875],[0.767749 -0.189574],[-0.054643 0.393841],[-0.234507 -0.343410],[0.174510 0.808586],[0.043539 -0.112401],[-0.180794 -0.001528],[0.187894 0.368977],[0.041931 -0.185818],[-0.204910 0.263787],[0.145483 -0.117182],[0.508814 0.037216],[0.327687 0.144913],[-0.119567 -0.060068],[0.123521 -0.237409],[0.176780 0.151912],[0.015748 0.212167],[-0.228179 -0.072464],[0.117964 -0.111885],[0.024828 -0.056445],[0.039430 -0.293778],[0.070366 -1.637178],[0.551298 -0.274121],[-1.006777 -0.023368],[-0.196742 -0.090643],[-0.159091 -0.064696],[-0.039425 0.050539],[-0.091747 0.068980],[0.056276 -2.323818],[-0.259946 0.062376],[0.118315 -0.210479],[-0.324352 -0.358807],[0.121861 0.128747],[-0.041089 0.103832],[-0.006645 0.004481],[-0.739181 -0.463600],[-0.169947 -0.017096],[0.143052 0.079765],[0.003872 0.243084],[-0.547416 0.050803],[0.131594 -0.134522],[-0.325955 0.002597],[0.003115 -0.021922]
[0.157935 0.171914],[0.763145 -0.141347],[0.344677 -0.097312],[0.208714 0.357964],[0.088117 0.269053],[-0.232702 0.481043],[-0.005004 -0.243227],[0.014280 1.083052],[-0.220889 -0.145343],[-0.203584 0.230423],[0.018723 0.113811],[0.014323 0.513847],[-0.006497 0.087307],[-0.145203 -0.065445],[0.055825 0.041232],[-0.150346 0.571262],[0.401871 0.064612],[-0.038950 0.502743],[-0.614481 0.259681],[-0.575473 0.033781],[0.079136 0.155864],[0.068587 0.228335],[-0.408144 -0.052662],[-0.685902 -0.124697],[0.342439 0.282204],[0.030879 -0.071050],[0.035814 -0.137408],[0.026612 0.097870],[-0.035343 0.096056],[-0.112327 -0.005168],[-0.082824 1.074755],[0.203589 -0.185477],[0.552599 0.324637],[0.077204 0.070502],[-0.015950 0.050088],[0.105037 0.307899],[0.147432 -0.156230],[0.047080 0.035633],[0.003223 0.026134],[-0.096817 0.149205],[-0.031217 -0.083624],[0.294210 -0.062468],[0.085525 -0.012055],[0.015695 -0.212565],[-0.279419 0.736576],[-0.002392 0.118229],[0.494870 0.073432],[0.572317 0.115833],[-0.114840 0.381590],[0.241870 -0.034312],[-0.132256 0.049280],[0.137333 0.047374],[-0.137227 0.077959],[-0.035442 0.175712],[-0.213229 0.252132],[-0.009456 0.048065],[-0.046694 -0.062158],[0.039461 0.053791],[0.651461 0.368742],[0.063500 0.377927],[-0.324324 -0.392346],[0.219000 0.611433],[0.128567 0.085790],[-0.209881 -0.021419],[0.205066 0.018625],[0.198266 -0.336063],[0.080259 0.154096],[0.111599 -0.090574],[-0.222478 -0.251803],[0.115924 0.437379],[-0.006092 0.234584],[-0.052110 -0.203493],[-0.162031 0.081596],[0.021522 0.147386],[0.027089 0.380810],[0.023833 0.057261],[-0.023313 0.012763],[-0.056312 -0.244254],[0.069194 0.222727],[-0.242287 -0.136895],[0.530964 0.087722],[-0.228666 -0.091340],[0.076661 -0.034891],[-0.081523 0.231857],[-0.067573 0.103354],[-0.045715 -0.356067],[-0.332230 -0.057813],[0.157942 -0.290687],[-0.317450 0.373333],[0.110832 0.096615],[-0.167835 0.033038],[0.060425 0.139085],[-0.009190 0.256395],[0.009448 0.069451],[-0.061692 0.055205],[-0.051642 0.043996],[-0.039866 0.059242],[0.103144 -0.129801],[0.139386 0.295194],[0.068300 0.082059]
[-0.044960 -0.160561],[0.105127 -0.179690],[-0.299423 -0.022323],[-0.152231 -0.302565],[-0.049952 0.189188],[-0.283210 -0.273889],[-0.015501 -0.370649],[0.001363 0.940925],[0.128877 -0.087265],[0.196794 0.092919],[0.060428 -0.074079],[0.340685 0.399889],[0.015700 0.346376],[0.018233 -0.126880],[0.094485 0.012803],[-0.589002 0.084993],[0.032842 -0.012331],[-0.023512 0.525047],[0.630590 0.185639],[-0.859289 0.073886],[-0.062421 -0.053880],[0.032163 0.151282],[-0.298092 0.145393],[-0.723269 -0.074553],[0.197717 0.175381],[-0.020676 0.106257],[-0.037931 0.195496],[0.001888 0.158163],[0.079196 0.022685],[-0.084931 0.083009],[-0.058178 0.892015],[0.147756 -0.178101],[0.011770 0.338678],[-0.040152 0.088127],[0.044155 0.112236],[0.088022 0.065738],[-0.076701 -0.133459],[0.004325 -0.457087],[0.102526 0.065375],[-0.169037 -0.073952],[0.022741 0.005845],[-0.488508 -0.204857],[-0.048880 -0.062750],[0.011854 0.372922],[-0.312749 0.698384],[-0.072125 0.090860],[0.020406 0.113702],[0.818774 0.034949],[0.040800 0.043097],[0.019416 0.086881],[0.006096 0.027249],[0.206761 0.144931],[-0.095345 -0.092912],[-0.004022 0.182972],[0.008801 -0.113382],[-0.020205 -0.085864],[-0.026995 -0.099768],[0.026035 0.054517],[0.277894 0.245757],[0.048557 0.043252],[-0.095814 0.321746],[-0.051833 0.230851],[0.024070 0.034774],[-0.013228 -0.001379],[-0.073507 -0.163083],[-0.073572 -0.125596],[0.182091 0.014010],[0.053355 -0.070560],[-0.528645 -0.036867],[-0.042103 0.068147],[0.050086 0.263028],[-0.052281 0.216795],[-0.089249 -0.046542],[-0.010561 0.060954],[0.091567 -0.087560],[-0.042455 0.103778],[-0.016539 0.038724],[-0.043282 -0.133516],[-0.021463 0.945857],[-0.185881 0.007714],[0.510341 0.025434],[-0.177395 -0.062861],[0.091103 0.015215],[-0.085743 -0.107451],[0.015072 -0.025311],[-0.071707 1.334795],[-0.114937 -0.014645],[0.147474 0.012225],[0.170025 0.667317],[0.006151 -0.079786],[0.033372 -0.041018],[-0.021928 0.123179],[0.358217 0.258748],[0.069287 -0.012722],[-0.069377 -0.003419],[-0.062374 -0.058145],[0.260749 0.004090],[0.021157 0.048544],[0.211977 0.250587],[-0.023993 0.088112]
[-0.106255 -0.152568],[-0.320405 -0.062713],[-0.535078 0.068503],[-0.251057 -0.534078],[-0.057740 0.131181],[0.057829 -0.387059],[-0.005558 0.098411],[-0.006441 0.167093],[0.194319 0.077357],[0.193644 -0.150452],[0.000711 -0.129009],[-0.183976 0.141824],[0.013852 -0.042804],[0.084928 -0.060477],[0.060270 -0.003376],[0.242879 -0.205177],[-0.206373 -0.043463],[0.017749 0.382458],[0.665754 -0.139599],[0.597386 0.047381],[-0.062677 -0.071101],[-0.055905 -0.027499],[-0.233649 0.110794],[-0.645419 0.021568],[-0.193793 -0.129921],[-0.023856 0.088200],[-0.028754 0.334229],[-0.011522 -0.005072],[0.014812 -0.014983],[0.005070 0.102368],[0.025887 0.782892],[-0.075496 -0.077610],[-0.259025 0.117977],[-0.087499 0.019887],[0.018879 0.141994],[-0.056715 -0.082508],[-0.133220 0.022365],[-0.033313 0.037712],[0.019601 0.014148],[-0.155681 -0.071917],[0.039039 0.048509],[-0.006406 0.094401],[-0.059470 -0.023300],[-0.014366 -0.036549],[0.011327 0.470579],[0.002760 0.002866],[-0.255796 0.075993],[0.233887 -0.025303],[0.038388 -0.155976],[-0.119764 0.137075],[0.066768 0.004273],[-0.124248 0.008205],[-0.070145 -0.014631],[0.008192 -0.161363],[0.090942 -0.233123],[-0.002868 -0.037563],[0.023008 -0.066307],[-0.033935 0.010116],[-0.291463 -0.063127],[-0.039419 -0.188980],[0.036971 0.645128],[-0.155301 -0.112054],[-0.049032 0.007845],[0.095385 0.016882],[-0.083472 0.010558],[-0.175176 0.066626],[0.220249 -0.061992],[-0.041584 0.056301],[-0.417263 0.100814],[-0.106773 -0.222027],[0.023485 0.195665],[0.014404 0.275377],[0.027647 -0.016642],[-0.021790 -0.060611],[0.122078 -0.304284],[-0.004685 0.119299],[-0.012851 0.049453],[0.011476 0.080897],[-0.051268 -0.333851],[-0.088322 0.078890],[-0.346806 -0.023825],[0.010350 0.002942],[0.042109 0.035479],[-0.038897 -0.228183],[0.032222 -0.059504],[-0.073772 -0.299223],[0.128299 0.034895],[-0.148548 0.156063],[0.371825 0.125710],[-0.051119 -0.135560],[0.080781 -0.049351],[-0.041628 0.085952],[0.166667 -0.050277],[0.019957 -0.024798],[-0.064120 -0.028412],[0.040038 -0.081224],[0.382024 -0.023482],[-0.048041 0.054335],[0.020970 0.086105],[-0.035883 0.045382]
[-0.051697 0.109732],[-0.091426 0.101312],[0.303824 0.076449],[0.141946 0.107751],[0.002602 -0.059564],[0.136454 0.036773],[0.000254 0.156299],[0.004322 -0.239262],[0.216521 0.139080],[-0.160542 0.030036],[-0.027669 0.025769],[-0.170228 -0.009210],[0.004571 -0.163834],[0.002934 0.062860],[-0.042479 -0.003545],[0.571333 -0.279899],[-0.185253 -0.041595],[0.031250 -0.330983],[0.527302 -0.265880],[0.871116 -0.025890],[-0.045105 -0.024986],[-0.004588 -0.061240],[0.061956 -0.011308],[0.660214 0.047797],[-0.138172 -0.191658],[-0.013345 -0.062143],[-0.010416 -0.072459],[0.002791 -0.075498],[-0.026343 -0.016518],[0.049713 -0.068861],[0.050819 -0.111292],[-0.110748 0.129049],[-0.153936 -0.199665],[-0.002049 -0.025757],[-0.024931 -0.077379],[-0.031272 -0.090156],[-0.001373 0.088533],[0.003988 0.247000],[-0.053719 -0.019318],[-0.071372 0.061218],[0.031373 -0.001454],[0.251718 0.127578],[0.039780 0.023214],[0.005625 -0.188129],[0.167306 -0.019269],[0.040202 -0.041131],[-0.001932 -0.083143],[-0.410337 -0.030240],[0.017252 -0.024740],[-0.129971 -0.095053],[0.045294 -0.008182],[-0.044987 -0.062955],[0.047066 0.028472],[0.013696 -0.171954],[-0.038738 -0.182503],[0.015732 0.064847],[0.025851 0.030603],[-0.018359 -0.015755],[-0.023320 -0.159711],[-0.033689 -0.067526],[0.045911 0.722536],[-0.056233 -0.148316],[-0.077962 -0.007860],[-0.007623 0.010213],[-0.051279 0.082470],[0.007497 0.078737],[-0.159890 -0.013398],[-0.007028 0.041060],[-0.263061 0.138462],[-0.077734 -0.159319],[-0.002310 -0.089255],[0.043775 0.240259],[0.056742 0.008373],[0.012066 0.001659],[0.076748 -0.108690],[0.025816 -0.022316],[-0.004002 0.039657],[0.024794 0.070929],[0.026406 -0.797325],[0.012617 0.093261],[-0.266567 0.004770],[0.090713 0.035780],[-0.038207 0.045316],[0.059989 -0.105620],[0.012935 -0.024870],[-0.027072 -1.057945],[0.221156 0.006774],[-0.056506 0.153556],[-0.259403 -0.271140],[-0.013455 -0.110017],[0.039915 -0.008616],[-0.046054 0.001009],[-0.063138 -0.123141],[-0.030810 0.000454],[-0.019458 -0.006329],[0.038929 0.008335],[-0.056429 -0.005039],[-0.029621 0.045401],[-0.079295 -0.056345],[0.019531 -0.058721]
[-0.006572 0.170080],[0.083570 0.135363],[0.593631 -0.050495],[0.292344 0.381103],[0.032997 -0.132691],[0.121817 0.213716],[0.005954 0.077193],[0.007000 -0.376978],[-0.135102 -0.050082],[-0.280545 0.096491],[-0.037099 0.068112],[0.024639 -0.080793],[-0.000091 0.008014],[-0.038279 0.089910],[-0.064110 -0.000376],[-0.169325 -0.088083],[0.162347 0.002052],[0.015536 -0.589985],[-0.301158 -0.042285],[-0.429767 -0.010635],[0.000549 0.036775],[0.030066 -0.019893],[0.111616 -0.051476],[1.116213 0.018279],[0.019105 -0.122915],[0.004319 -0.082620],[0.011291 -0.144771],[0.009886 -0.076272],[-0.029899 0.011358],[0.020612 -0.117216],[-0.010840 -0.543646],[0.006528 0.115715],[0.135944 -0.089877],[0.047360 -0.024853],[-0.010108 -0.160718],[0.029905 -0.093965],[0.069512 -0.006361],[0.021079 0.072427],[0.016470 -0.013116],[0.011317 0.096348],[-0.002735 -0.019700],[0.139900 -0.056308],[0.021719 0.046314],[0.010582 0.019527],[0.096936 -0.224274],[0.054281 -0.040380],[0.125636 -0.040781],[-0.034631 0.019958],[-0.021976 0.087149],[-0.111874 -0.072916],[0.001950 0.005756],[-0.004676 0.011969],[0.026859 0.026882],[-0.000432 0.110061],[-0.036633 -0.057680],[0.018103 0.096840],[-0.016408 0.040552],[0.030565 -0.016655],[0.140762 0.017630],[0.035539 0.038713],[0.010920 0.515218],[0.095898 -0.073252],[-0.002057 -0.015501],[-0.056540 -0.006129],[0.009386 -0.032723],[0.092107 -0.039183],[-0.075458 0.042265],[0.026651 -0.017931],[0.067952 0.067664],[0.057398 -0.045642],[-0.009693 -0.071692],[0.008620 0.054188],[0.021223 0.018910],[0.017442 0.034961],[0.015891 0.129199],[0.011824 -0.091646],[0.004212 -0.001452],[0.021066 -0.044469],[0.021523 -0.396831],[0.049756 -0.042131],[-0.211265 0.016202],[-0.039800 -0.012101],[-0.010859 -0.020310],[0.080736 0.039681],[-0.016043 0.039335],[0.032384 -1.069641],[-0.045335 -0.012511],[0.094175 -0.072177],[-0.294562 -0.437173],[0.018921 -0.051603],[0.005026 0.018523],[0.040820 -0.040920],[-0.055259 0.080836],[-0.054108 0.017006],[0.013089 0.021999],[-0.025501 0.043407],[-0.264795 0.014867],[0.007614 0.029033],[-0.059505 -0.061055],[0.030549 -0.053611]
[0.032079 0.142471],[0.104278 -0.013807],[0.535371 -0.089805],[-0.186574 -0.215312],[0.029629 -0.074409],[0.078955 0.162599],[0.005230 -0.087004],[0.004668 -0.175191],[-0.267829 -0.074737],[0.106374 0.060700],[-0.001436 -0.031027],[0.098006 -0.049061],[0.000075 0.084414],[-0.017805 0.086539],[-0.070827 0.006366],[-0.532062 0.139045],[0.075806 0.024831],[-0.008720 0.100265],[-0.234870 0.122304],[-0.434264 0.012720],[0.027760 0.011597],[0.011165 0.033338],[0.036822 -0.029285],[-0.664161 -0.014985],[0.092698 0.153568],[0.012118 -0.053109],[0.007302 -0.108058],[0.006930 0.066374],[-0.011758 0.022282],[-0.028225 -0.100062],[-0.015888 0.332353],[0.061414 0.106924],[0.149858 0.073004],[0.003135 0.025262],[0.013173 0.122759],[0.047866 -0.072069],[-0.019229 -0.053035],[0.002377 -0.038207],[0.028698 -0.009170],[0.038945 -0.067478],[-0.017536 -0.001377],[-0.129205 -0.136898],[-0.014985 0.042629],[0.001024 0.122721],[0.037256 -0.263903],[-0.007347 0.021650],[-0.027135 0.021275],[0.158818 0.022936],[0.004098 0.135887],[0.006522 0.017389],[-0.019312 0.008767],[0.020818 0.032678],[-0.015945 -0.000973],[-0.003515 0.084746],[0.034618 0.045491],[0.004251 0.111934],[-0.011248 0.022520],[0.000100 0.008846],[-0.005113 0.102651],[0.045628 0.041418],[-0.013489 -0.163148],[0.035869 0.075527],[0.043488 -0.011452],[-0.069268 0.002928],[0.035962 -0.044822],[-0.029483 -0.049787],[0.047368 0.011303],[0.039338 -0.009559],[0.216814 -0.092112],[0.041043 0.073369],[-0.009230 -0.045116],[-0.017309 -0.141171],[-0.002480 0.022171],[-0.008801 0.029998],[-0.037402 0.216353],[0.003762 -0.049326],[0.006634 -0.017965],[-0.003879 -0.028708],[0.004833 0.108723],[0.062438 -0.023083],[-0.031737 0.017594],[-0.088340 -0.021158],[0.027594 -0.028564],[-0.053074 0.107032],[-0.009614 0.048417],[0.002955 0.544001],[-0.087871 -0.011168],[0.070578 -0.082938],[0.157251 0.254966],[0.022631 0.083709],[-0.012438 0.011100],[0.058250 0.006490],[0.015052 0.029723],[-0.027561 0.022772],[0.012646 0.002015],[-0.036700 -0.017622],[-0.049641 0.007679],[0.018683 0.007986],[-0.014242 0.015738],[0.028008 0.008926]
[0.009542 0.115269],[-0.002108 -0.084313],[-0.136051 -0.046673],[-0.182108 -0.101313],[-0.015171 0.007020],[0.000322 0.040461],[0.000136 -0.021646],[0.001410 0.094384],[0.003685 0.058941],[0.166284 -0.045462],[0.022871 -0.065305],[0.054845 -0.002110],[0.005310 -0.027701],[-0.005118 -0.056905],[0.066423 0.007977],[0.140978 0.184086],[-0.031983 -0.006639],[-0.010175 0.435817],[0.023835 -0.027910],[0.288279 0.011616],[0.018900 -0.012164],[-0.007091 0.005771],[-0.021706 -0.010424],[-0.868852 -0.030812],[0.025915 0.179360],[0.000940 0.059014],[0.000370 -0.035307],[-0.001081 0.075111],[0.014884 -0.006291],[-0.007129 -0.030110],[-0.007295 0.724934],[0.040048 -0.052154],[-0.135590 0.023043],[-0.019170 0.043774],[0.019652 0.122052],[-0.006690 0.011895],[-0.030113 -0.043925],[-0.006481 -0.036963],[-0.009264 0.001811],[-0.004354 -0.042345],[-0.000870 0.009324],[-0.102830 -0.129073],[-0.000600 -0.023679],[-0.002356 0.133055],[-0.048650 -0.019464],[-0.034662 0.042353],[-0.094586 0.021654],[0.183801 0.018337],[0.015906 -0.080584],[0.060156 0.036887],[0.005943 0.004256],[0.008457 0.004236],[-0.018641 -0.013576],[-0.003680 -0.065361],[0.010514 0.075411],[-0.003258 -0.079275],[0.018735 0.009226],[-0.014995 0.018063],[-0.065769 0.106714],[0.048023 -0.032023],[0.002192 -0.384232],[-0.002247 0.057624],[-0.002678 0.003235],[-0.036772 0.007433],[0.018185 -0.012743],[-0.028071 -0.049418],[0.020021 -0.011090],[0.020893 0.009184],[-0.089661 -0.079908],[0.000870 0.124765],[0.002315 0.002787],[-0.013060 -0.064297],[-0.010570 -0.006420],[-0.001954 -0.022855],[-0.055281 -0.064885],[-0.000784 0.036107],[0.000999 -0.012653],[-0.009374 -0.009604],[-0.006731 0.315278],[0.062681 0.026055],[0.080963 -0.005445],[-0.022894 -0.003030],[0.015510 0.008045],[-0.118015 -0.012372],[0.005005 0.018105],[-0.011973 0.579736],[-0.108444 0.004726],[-0.045121 -0.047134],[0.177634 0.123274],[-0.009730 0.132660],[-0.004646 0.005876],[0.051239 0.025696],[0.035918 -0.005274],[0.023968 -0.010382],[0.011351 -0.006335],[0.023851 -0.020979],[0.106184 0.001792],[-0.003805 -0.005314],[0.038713 0.053295],[-0.006723 0.032492]
[-0.008445 0.063596],[-0.054175 -0.108896],[-0.380731 -0.010050],[-0.070949 -0.025029],[-0.028769 0.039748],[-0.036385 -0.033375],[-0.002139 0.016974],[-0.000155 0.142249],[0.137164 0.086144],[-0.053769 -0.005350],[0.019559 -0.076590],[-0.013050 0.026201],[0.005415 -0.079889],[0.004848 -0.101759],[0.034896 0.005768],[0.209810 0.143479],[-0.044861 -0.019048],[0.009153 -0.037295],[0.147963 -0.070410],[0.200280 0.001608],[-0.016153 -0.012370],[-0.006901 -0.010640],[-0.035484 0.007547],[-0.590982 -0.006948],[-0.021302 -0.145752],[-0.002559 0.010577],[-0.001975 0.006243],[0.000830 -0.036350],[0.011573 -0.007107],[0.019804 0.034728],[0.015830 0.026225],[-0.015167 -0.062841],[-0.213588 -0.040851],[-0.023982 -0.019661],[0.013375 0.077368],[-0.030811 0.042608],[-0.034910 0.003487],[0.006324 -0.017271],[-0.014400 0.008070],[-0.016902 0.004879],[0.010181 0.006457],[0.103459 0.072288],[0.008878 -0.016145],[0.001229 -0.008039],[0.009377 0.130509],[-0.013423 0.031055],[0.005341 -0.005611],[-0.092362 0.007495],[-0.000354 -0.161052],[-0.024018 0.008576],[0.016573 0.001323],[-0.008792 -0.011827],[-0.016935 0.006838],[0.004003 -0.117444],[-0.007476 -0.009281],[-0.004416 -0.170012],[0.002918 -0.007347],[-0.003017 0.004542],[0.015124 -0.003932],[-0.029939 -0.004166],[0.010201 0.038969],[-0.020336 -0.035219],[-0.022094 0.010513],[0.037036 0.005773],[-0.017320 0.005852],[0.002992 0.020133],[0.003201 0.000676],[-0.000953 0.013853],[-0.185554 -0.060327],[-0.017358 -0.036738],[0.008087 0.026739],[0.013326 0.027558],[0.010229 -0.011546],[0.003058 -0.006954],[-0.058896 -0.166785],[0.000523 0.060059],[-0.001320 0.008270],[-0.006989 0.020413],[-0.005589 -0.073768],[0.008478 0.012122],[0.058363 -0.009262],[0.031872 0.007868],[0.006403 0.023465],[-0.070834 -0.053144],[0.008832 -0.012094],[0.003979 -0.145457],[-0.116867 0.011547],[-0.078510 0.031221],[0.010402 0.032168],[-0.014936 -0.024356],[0.006337 -0.001989],[0.023146 0.001076],[-0.003587 -0.020488],[0.045439 -0.025396],[0.009022 -0.002735],[0.018395 0.005791],[0.109224 -0.000096],[-0.005433 -0.001055],[0.014560 0.002838],[-0.023091 0.036101]
[0.002474 0.002222],[0.015478 -0.031838],[-0.334407 0.027033],[-0.001408 0.041464],[-0.034999 0.022756],[-0.043618 -0.044938],[-0.001864 0.030111],[0.001112 -0.092044],[0.168277 -0.036655],[-0.124601 0.019729],[0.010388 0.020988],[-0.043736 0.003501],[0.004568 0.003531],[0.008956 -0.016786],[0.004815 -0.001381],[-0.017833 0.085974],[-0.046505 -0.001325],[0.009489 -0.250291],[0.157400 -0.087013],[-0.033475 -0.005069],[-0.007634 0.000962],[-0.000027 -0.009760],[0.004554 0.015018],[-0.327064 0.005525],[-0.011042 -0.238939],[0.004782 -0.021671],[0.000154 0.020006],[0.003980 -0.038396],[0.001011 0.006925],[0.009468 0.009655],[0.010406 -0.351330],[-0.021321 -0.043750],[0.075848 -0.059248],[-0.024299 -0.046947],[-0.001118 0.018348],[-0.009204 0.048960],[0.008304 0.023075],[0.006721 0.006224],[0.003133 0.002622],[-0.004934 0.024597],[0.009694 0.003742],[0.147313 0.094800],[0.007421 -0.009179],[0.006112 -0.070826],[0.037324 0.132535],[0.017619 0.017035],[0.054113 -0.014369],[-0.130623 -0.007275],[-0.006825 0.011850],[-0.030143 -0.008002],[0.011334 -0.001308],[0.003302 0.004359],[0.020278 0.006780],[0.007343 -0.015550],[-0.004519 -0.044303],[0.000313 -0.206496],[-0.004476 -0.001394],[0.006271 -0.007758],[0.035582 -0.051826],[-0.012524 0.010707],[0.009122 0.246597],[0.017427 -0.025455],[-0.019609 0.001046],[0.059944 -0.002825],[-0.019563 0.008132],[0.018572 0.035389],[-0.005209 0.006559],[-0.005344 -0.010005],[0.042151 0.003368],[-0.015678 -0.076780],[0.002414 0.006960],[0.012978 0.065982],[0.007729 0.002682],[0.005725 0.002079],[0.052115 -0.126038],[0.004778 -0.027908],[0.002704 0.004035],[0.008781 -0.001452],[0.004688 -0.241879],[-0.023807 -0.005820],[0.010916 0.001601],[0.010133 0.005701],[0.000803 0.027062],[-0.016831 0.023852],[0.006077 -0.004804],[0.010805 -0.312539],[-0.107070 -0.000429],[0.053617 0.045259],[-0.075820 -0.016382],[0.013142 -0.099093],[0.005684 -0.005721],[0.008627 -0.011958],[-0.021162 -0.017917],[0.020645 0.009371],[0.007821 0.005402],[0.008511 0.014345],[0.106165 -0.000178],[-0.002717 0.001560],[-0.003479 -0.023059],[0.002829 0.020522]
[-0.000081 -0.029216],[0.048427 0.009537],[0.102714 0.010946],[0.031153 0.048522],[-0.004944 -0.012089],[0.008414 0.034323],[-0.002560 -0.002349],[-0.001864 -0.027764],[0.182261 -0.047291],[0.002766 0.031495],[0.000728 0.031872],[-0.026105 -0.008760],[-0.001762 0.044162],[-0.011872 0.048605],[-0.011743 -0.001805],[-0.120236 -0.094414],[0.016153 0.009897],[0.003109 -0.282876],[-0.132765 0.074233],[-0.103536 0.003000],[0.000175 0.008728],[0.000775 -0.004925],[0.023736 0.005560],[-0.078561 0.004645],[-0.000840 -0.199414],[-0.002901 -0.002180],[-0.000643 0.015300],[0.004932 0.024129],[-0.010203 0.012551],[-0.011347 -0.014807],[-0.018490 -0.319536],[-0.014428 0.012993],[0.068473 0.047214],[-0.012933 0.008121],[-0.009855 -0.025477],[0.014233 0.027262],[0.018141 0.032147],[-0.007016 0.013074],[0.006830 -0.000757],[0.001200 0.011773],[-0.009651 0.001689],[-0.081426 -0.033048],[-0.009159 0.001675],[-0.003824 -0.054920],[0.022112 0.114814],[0.014457 -0.010290],[0.033709 -0.008416],[-0.052993 -0.004387],[-0.004334 0.083116],[0.007243 0.002414],[0.006038 0.001456],[0.002010 0.006967],[0.037433 -0.002126],[0.005170 0.037602],[-0.000114 -0.007846],[-0.001906 -0.003179],[-0.005328 0.002500],[-0.003205 -0.011109],[0.040253 -0.051350],[0.006601 0.014166],[0.005980 -0.082821],[-0.000464 0.026937],[-0.013116 -0.003302],[-0.004523 -0.006916],[-0.007276 0.004512],[0.025665 0.016033],[-0.005529 0.007312],[-0.006780 -0.003426],[0.075418 0.033745],[-0.008856 -0.092185],[-0.005899 -0.005859],[0.010402 -0.004636],[-0.001885 0.009120],[-0.008042 0.006400],[0.077070 -0.003420],[-0.000128 -0.071421],[0.002840 0.000339],[-0.001910 -0.010482],[0.004718 -0.091852],[-0.004073 -0.013160],[-0.032875 0.006956],[-0.017998 0.001161],[-0.005875 -0.017316],[0.014848 0.056661],[-0.011108 0.010001],[-0.012667 0.135914],[-0.073768 -0.005392],[0.080198 0.010720],[-0.088037 -0.010945],[0.007511 0.034009],[-0.002160 0.006351],[-0.002161 -0.008917],[0.006206 0.015133],[-0.014953 0.015430],[0.004889 0.003956],[-0.014565 0.003894],[0.067922 0.002286],[-0.001359 0.002867],[-0.011635 -0.030767],[0.007882 -0.024434]
[0.003960 0.002429],[0.045158 0.017690],[0.317165 -0.004922],[0.017263 0.018238],[0.019801 -0.017373],[0.029927 0.052393],[0.000639 -0.014036],[0.003024 0.044254],[-0.155346 0.036474],[0.066573 -0.009140],[-0.002377 0.033125],[0.007424 -0.005359],[-0.004360 0.020710],[-0.005807 0.067057],[-0.017938 0.001388],[-0.107558 -0.184247],[0.035569 0.009447],[-0.000121 0.178414],[-0.067225 0.061108],[-0.006116 0.004097],[0.006182 0.011083],[0.005044 0.000070],[-0.000072 -0.004763],[0.091525 -0.004014],[0.011197 -0.017303],[0.002623 0.010238],[0.002576 -0.005975],[0.001260 0.045483],[-0.011486 -0.002066],[-0.001097 -0.007412],[-0.000851 0.334101],[0.004587 0.034073],[-0.039162 0.096726],[-0.000838 0.028713],[0.003563 -0.027471],[0.011422 -0.027524],[0.010730 0.021515],[0.005207 0.005652],[0.006277 -0.002320],[0.004394 0.002716],[-0.011875 -0.001512],[-0.129076 -0.049678],[0.006055 0.004679],[-0.007939 0.028805],[-0.004524 -0.102079],[0.009525 -0.012123],[-0.024071 -0.003332],[0.066046 0.005358],[0.001472 0.102255],[0.024903 0.007385],[0.000229 0.001278],[0.002617 0.003594],[-0.019326 -0.004584],[0.001556 0.058713],[0.006061 0.023422],[0.003899 0.102165],[0.008317 0.003791],[-0.004933 0.006691],[0.033773 0.045006],[0.014275 -0.000351],[0.000134 -0.107710],[-0.009260 0.015858],[0.011568 -0.000042],[-0.022443 0.002661],[0.017193 -0.001511],[0.026766 -0.006346],[-0.000656 0.000199],[0.009697 0.005783],[0.075201 -0.013087],[0.017266 -0.034008],[0.000782 -0.000598],[-0.002893 -0.038294],[-0.004860 0.011126],[0.001314 0.003980],[0.021311 0.063377],[0.001155 -0.034191],[0.002908 -0.001509],[-0.002429 0.001076],[0.004236 0.145140],[0.010128 0.006664],[0.008907 -0.002855],[-0.015854 -0.001381],[-0.004153 -0.038212],[0.013110 -0.025694],[0.005464 0.014419],[-0.018079 0.350785],[0.039283 -0.001349],[0.001371 -0.011929],[-0.085223 -0.002824],[-0.000559 0.045346],[0.002345 0.010685],[-0.003507 0.008225],[0.015018 0.029888],[-0.011447 0.005527],[0.002412 0.002586],[-0.010399 -0.008227],[-0.045225 0.002100],[0.004944 0.001290],[-0.007418 -0.010392],[0.005921 -0.031773]
[0.005932 0.016034],[0.010760 0.018250],[0.379251 -0.007930],[0.007464 -0.006305],[0.020392 -0.001749],[0.040518 -0.040934],[0.001718 -0.016180],[0.005026 0.026079],[-0.024362 0.024225],[-0.000839 -0.026363],[-0.000617 -0.016266],[0.016529 0.000356],[-0.004105 -0.010684],[0.004898 -0.009730],[-0.019223 0.001874],[-0.099055 -0.057120],[0.029165 0.002844],[-0.001961 0.133111],[0.052440 0.047957],[0.047081 0.003483],[0.004011 0.008234],[-0.001057 0.002680],[-0.012766 -0.005217],[0.095858 -0.006670],[0.004222 0.078745],[-0.000096 0.005740],[-0.000393 -0.014928],[-0.001129 0.011472],[0.007753 -0.005684],[0.004543 0.010924],[0.008041 0.233478],[0.006671 0.024117],[-0.069379 0.034063],[0.005308 0.004909],[0.002146 0.009423],[0.006423 -0.013582],[0.004900 -0.016900],[0.006452 -0.005355],[0.003221 -0.000364],[-0.000054 -0.003044],[0.001668 -0.002578],[0.054717 -0.055558],[0.010172 0.001871],[-0.004715 0.018276],[-0.014033 -0.159474],[-0.009616 -0.010069],[-0.034370 0.000615],[0.005772 0.010091],[0.001872 -0.017078],[0.002720 0.008261],[-0.003665 0.000220],[-0.001815 -0.000208],[-0.037392 0.003481],[-0.001758 0.000308],[-0.001710 0.006932],[0.005323 0.035447],[0.003446 -0.000612],[0.000225 0.015271],[0.005232 0.053509],[0.014156 -0.006518],[-0.003858 0.079868],[-0.010014 0.008356],[0.014890 0.002024],[0.008006 0.004374],[0.013826 -0.002650],[0.020500 -0.007047],[0.001781 -0.003358],[0.001741 0.002827],[0.002697 -0.032654],[0.021142 0.000898],[0.002444 0.002863],[-0.007579 -0.043631],[-0.003796 -0.004653],[0.003708 -0.003787],[-0.018609 0.008637],[-0.001092 -0.002027],[-0.002959 -0.000759],[-0.000373 0.005374],[-0.001915 0.206983],[0.012572 0.010464],[0.021382 -0.004041],[-0.001864 -0.000932],[-0.001478 0.018361],[0.010789 -0.051970],[0.001944 0.009917],[-0.017305 0.235048],[0.090163 0.002366],[-0.039067 -0.016574],[0.056097 0.004813],[-0.004770 -0.016312],[0.002237 0.005083],[-0.002942 0.015177],[0.003765 0.022492],[-0.001166 -0.008398],[-0.002021 -0.000127],[-0.000254 -0.001068],[-0.078452 -0.000874],[0.004180 -0.000380],[-0.003335 0.007873],[-0.006215 0.005332]
[0.002769 0.000998],[-0.008984 0.014123],[0.005828 -0.003357],[-0.010411 -0.005723],[0.011324 0.008407],[-0.005808 -0.087410],[0.001512 0.009420],[0.002922 0.010610],[0.079094 0.007358],[-0.034527 -0.007937],[0.000200 -0.025263],[0.012201 0.002930],[-0.003534 -0.011561],[0.000872 -0.029922],[0.008138 -0.001064],[0.020737 0.104613],[-0.023353 -0.003241],[-0.001377 -0.024888],[0.023138 0.020231],[-0.004779 -0.000833],[-0.005979 0.006340],[-0.003990 0.001153],[0.003479 -0.004167],[0.035783 -0.006045],[-0.008537 0.042170],[-0.001871 -0.002089],[-0.002311 -0.017392],[-0.001901 -0.009441],[0.014055 -0.006083],[0.002173 0.007673],[0.008625 0.010528],[0.006382 -0.028621],[-0.070240 -0.022922],[0.004868 -0.012209],[-0.001579 0.010263],[-0.007710 0.009870],[-0.000970 -0.020630],[-0.002369 -0.006538],[-0.001881 0.000983],[-0.003329 -0.003313],[0.007445 -0.000299],[0.085271 -0.051439],[-0.004991 -0.001951],[-0.002930 -0.013349],[-0.004987 -0.139875],[-0.013103 0.002879],[-0.028394 0.001976],[-0.027245 0.007446],[-0.002671 -0.070474],[-0.012649 -0.006464],[-0.002897 -0.000329],[-0.002451 -0.001947],[-0.011881 0.005083],[-0.001363 -0.028987],[-0.005420 -0.004474],[0.001319 -0.020729],[-0.001168 -0.002083],[0.001181 -0.006100],[-0.010119 -0.027173],[0.000237 -0.006367],[-0.001697 0.133139],[-0.005800 -0.010808],[0.008240 0.002209],[0.008340 -0.001422],[0.002754 -0.002128],[-0.011819 0.001735],[0.001414 -0.001046],[-0.003427 0.000313],[-0.037767 -0.007393],[-0.009720 0.017796],[-0.000404 0.001384],[-0.006464 0.026562],[0.002162 -0.010138],[-0.003045 -0.001706],[-0.005763 -0.030734],[-0.002075 0.016059],[-0.003212 0.000641],[0.000152 0.004575],[-0.004035 -0.011828],[-0.008519 0.012027],[0.024348 0.003391],[0.005313 0.001098],[0.000653 0.037876],[0.002588 -0.008756],[-0.002033 -0.009707],[0.009637 0.028215],[-0.065735 0.001373],[-0.029076 -0.011646],[0.042995 0.008582],[0.000778 -0.027354],[-0.002448 -0.000031],[0.000722 0.008148],[-0.010358 0.007433],[0.004395 -0.002281],[-0.002483 -0.001354],[0.004170 0.003579],[0.015862 -0.000329],[-0.000018 -0.000487],[-0.000352 0.010801],[-0.002827 0.015492]
[-0.002691 -0.007751],[-0.016634 -0.002996],[-0.190516 0.004545],[-0.003524 -0.002146],[-0.007558 -0.002997],[-0.020003 -0.007147],[0.001264 0.010161],[-0.002701 -0.006267],[0.107635 -0.016424],[0.013483 0.003510],[0.000354 -0.015065],[-0.006169 -0.002364],[0.001439 0.002515],[-0.002750 -0.009859],[0.017242 -0.001919],[0.044811 0.084133],[-0.010938 -0.005642],[0.001413 -0.095649],[-0.001318 -0.022913],[-0.025048 -0.002402],[-0.010396 -0.004305],[-0.002641 -0.000276],[0.006987 0.000325],[-0.032092 0.001726],[0.001277 0.011747],[0.000487 -0.004704],[0.000958 -0.000558],[0.001071 -0.011097],[-0.006752 -0.001179],[0.000531 0.003958],[0.001757 -0.103140],[0.002718 -0.018231],[-0.011861 -0.018331],[-0.000140 -0.000544],[-0.002719 -0.000789],[-0.012028 0.004804],[-0.002076 -0.008568],[-0.002883 -0.002848],[-0.004180 0.000916],[0.000101 0.000872],[0.001779 0.000802],[-0.015039 -0.018234],[-0.002996 -0.003839],[-0.000386 -0.008779],[0.009215 -0.066363],[0.001696 0.005516],[-0.020208 -0.000579],[-0.032637 -0.008244],[-0.003905 -0.032184],[-0.019214 -0.013165],[0.000192 -0.000812],[0.001902 -0.000188],[0.014618 0.004203],[-0.000292 -0.021246],[-0.003395 -0.005219],[-0.001189 -0.030856],[-0.001635 -0.001835],[0.001361 -0.008806],[-0.008248 -0.060564],[-0.006776 -0.000129],[0.001673 -0.042469],[0.005824 -0.007581],[-0.010419 0.001656],[0.006397 -0.003849],[-0.006358 -0.000781],[-0.005438 0.004651],[0.000456 0.000616],[-0.003715 -0.001675],[-0.017905 0.010021],[-0.010936 0.017650],[-0.001501 -0.001711],[-0.003252 0.022373],[0.003437 -0.001185],[-0.005533 0.001675],[0.005080 -0.040389],[0.000891 0.000099],[-0.002814 -0.000796],[0.000190 -0.004480],[-0.000874 -0.099100],[-0.005298 -0.004929],[0.014023 0.006454],[0.005322 0.000591],[0.000924 0.030101],[-0.003443 0.023880],[-0.003805 -0.010737],[0.014476 -0.099623],[-0.024971 -0.001005],[-0.020159 0.010429],[-0.023889 0.009809],[0.002038 0.017097],[-0.002823 -0.002865],[0.002044 0.003969],[-0.011515 -0.009948],[0.002821 0.004254],[-0.000445 -0.001419],[0.003010 0.002453],[0.040751 -0.000360],[-0.002118 -0.000540],[0.001223 -0.007941],[0.002423 -0.004680]
[-0.003198 0.000111],[0.007365 -0.007565],[-0.199388 0.004312],[0.002915 0.001227],[-0.006247 -0.003993],[-0.024276 0.034510],[-0.000433 0.009816],[-0.002628 -0.008101],[-0.063420 -0.026136],[0.025251 0.001488],[-0.000199 0.016008],[-0.014676 -0.002529],[0.001602 0.006647],[-0.004469 0.000341],[0.006731 0.000234],[0.046002 -0.049414],[0.015655 -0.004595],[0.001682 -0.075093],[-0.011450 -0.023221],[-0.019408 -0.002473],[0.007064 -0.007881],[0.002174 -0.001137],[0.003309 0.001557],[-0.027683 0.004234],[0.003758 -0.017407],[0.001597 0.001149],[0.000898 0.007876],[0.000819 -0.000153],[-0.013978 0.002485],[-0.000596 0.001008],[-0.003641 -0.107350],[-0.003688 0.019131],[0.037159 0.006709],[-0.002530 0.005305],[-0.000097 -0.005942],[-0.011864 -0.007032],[-0.000438 0.012598],[0.000578 0.002076],[-0.001460 -0.001162],[0.001620 0.001503],[-0.004293 -0.000985],[-0.036544 0.031222],[0.002953 -0.002572],[0.000939 0.003441],[0.014741 0.088284],[0.006298 -0.003812],[0.009875 -0.001771],[-0.030332 -0.011201],[-0.003839 0.011502],[-0.015629 -0.003418],[0.001424 -0.000899],[0.003550 0.000102],[0.008036 0.001619],[0.000348 0.004306],[0.004057 -0.003947],[-0.001282 -0.032377],[0.000374 -0.000094],[0.000282 -0.000002],[0.005914 -0.005743],[-0.007689 0.002719],[0.001241 -0.125325],[0.003148 0.003742],[-0.019582 -0.002191],[0.002085 -0.003931],[-0.003495 0.000390],[-0.001065 0.000193],[-0.000402 0.001114],[0.001832 -0.002658],[-0.003345 0.005737],[-0.006958 0.007256],[-0.001875 -0.001784],[0.002147 -0.008462],[-0.002529 0.004261],[0.004003 -0.000806],[0.009368 -0.026000],[0.002059 -0.008847],[-0.001737 -0.001507],[-0.000089 -0.002203],[0.000978 -0.116989],[0.006018 -0.004872],[-0.007406 0.005607],[-0.004260 0.000306],[0.000701 -0.031190],[-0.005251 0.030321],[-0.004326 0.005317],[-0.001833 0.014336],[0.025252 -0.002113],[0.019184 -0.000243],[-0.013053 -0.004761],[-0.000643 0.021606],[-0.002528 -0.004210],[-0.000771 -0.006734],[-0.006180 -0.012177],[-0.000905 0.000531],[0.000721 -0.000356],[-0.003236 0.000936],[0.033048 -0.000597],[-0.000339 -0.000471],[0.001644 -0.003627],[0.002119 -0.007281]
[-0.003340 0.004021],[0.014778 0.002051],[-0.009813 -0.002135],[0.005630 0.002004],[-0.002551 -0.004248],[-0.000768 -0.009487],[-0.000055 -0.001635],[-0.001516 -0.004247],[-0.076671 -0.004862],[0.024698 -0.000464],[-0.000287 0.004488],[-0.007776 0.001550],[0.000023 -0.000697],[0.000728 0.005303],[-0.008059 0.000899],[0.000632 -0.047353],[-0.000556 0.003274],[0.001032 -0.025541],[-0.008097 0.013676],[-0.004936 -0.001867],[0.008419 -0.008938],[0.001180 -0.000638],[-0.004546 -0.000303],[0.021798 0.003463],[0.000741 -0.030402],[0.000929 0.003940],[-0.000064 0.010213],[-0.000139 0.005461],[0.007516 0.001605],[-0.000033 -0.002251],[-0.000084 -0.026603],[0.000749 0.008418],[0.049673 0.013673],[0.000926 0.006568],[0.001389 -0.000279],[0.002012 -0.007911],[0.000968 0.017220],[0.002240 0.003035],[0.002761 -0.001171],[0.000833 -0.000202],[-0.006850 -0.001496],[0.017674 0.005791],[0.002483 0.003092],[0.001246 0.008746],[0.007707 0.141412],[0.003383 -0.001456],[0.018874 -0.001668],[-0.009648 -0.006276],[-0.000993 0.016384],[-0.011818 0.006835],[0.000737 -0.000723],[0.001154 0.000206],[-0.010440 -0.000150],[0.000571 0.009160],[0.002236 0.001646],[0.000219 -0.006819],[0.001336 0.000892],[-0.000257 0.004400],[0.004340 0.032792],[-0.002293 0.001966],[0.000490 0.080275],[-0.001948 0.001940],[0.007580 -0.002726],[-0.002204 0.003429],[0.001594 0.000936],[0.001302 -0.002061],[-0.000695 -0.000094],[0.001847 0.001504],[0.009237 0.003291],[-0.000411 -0.012240],[-0.000440 -0.001816],[0.003047 -0.008255],[-0.001935 -0.001463],[0.004660 -0.000721],[-0.002069 0.026537],[0.001126 -0.008674],[0.000413 0.001042],[-0.000045 0.001520],[0.001644 -0.018364],[0.008428 -0.001289],[-0.007815 0.003309],[-0.006124 0.000028],[0.000376 -0.005995],[0.002133 0.009166],[-0.003116 0.011901],[-0.009243 0.058954],[0.036567 -0.002595],[0.025050 -0.005221],[-0.007390 -0.004276],[-0.000816 -0.005863],[0.002959 0.002191],[-0.000237 -0.004514],[0.007523 -0.007023],[-0.001004 -0.001969],[0.001289 0.000419],[-0.004961 -0.000424],[-0.036186 0.000356],[0.000892 0.000402],[0.000306 -0.000738],[0.001681 -0.005604]
[-0.003236 0.005596],[0.002623 0.005456],[0.100420 -0.003625],[0.006144 -0.000038],[0.002484 -0.002522],[0.011325 -0.017110],[0.000683 -0.006549],[0.000122 -0.000230],[0.004903 0.010511],[-0.008900 -0.001437],[-0.000321 -0.002442],[0.005223 0.002335],[-0.000317 -0.003702],[0.003270 0.006812],[-0.000084 -0.000123],[-0.022576 0.002549],[-0.007068 0.002408],[0.000287 0.042538],[0.003633 0.011351],[0.005910 0.001271],[0.006840 -0.002625],[0.000578 0.000327],[-0.001073 -0.001217],[0.007644 -0.003675],[-0.001280 0.004357],[0.000336 0.004331],[-0.000250 -0.005071],[-0.000260 -0.000967],[0.014278 -0.000141],[0.000409 -0.000495],[0.001998 0.020298],[0.002705 -0.012305],[0.013146 0.013408],[0.002370 0.004014],[0.001537 0.003043],[0.005949 0.006693],[0.000868 -0.011564],[0.002648 -0.000068],[0.004327 -0.000331],[-0.000335 -0.000829],[0.001256 -0.001044],[0.034990 -0.017468],[-0.001378 0.001716],[0.000230 0.010604],[-0.008900 0.120973],[0.000120 -0.000212],[-0.004684 -0.000299],[0.005728 0.006225],[0.002376 0.000560],[-0.002040 -0.001058],[0.000160 -0.000376],[-0.001644 0.000016],[-0.003148 -0.000750],[0.000284 -0.006049],[0.001039 0.003358],[0.000978 0.007278],[0.000436 0.001186],[-0.000492 0.001186],[0.001852 -0.008974],[0.002254 -0.000183],[-0.000076 0.112656],[-0.000784 0.000649],[0.019964 0.001776],[-0.003810 0.001789],[0.003922 0.000695],[0.000558 -0.000870],[0.000546 -0.000687],[0.000675 0.003386],[-0.000790 0.001568],[0.004174 -0.021453],[0.000416 0.001321],[0.002162 0.007733],[0.001851 -0.003790],[-0.001480 0.000541],[-0.004049 0.028097],[-0.000077 0.006546],[0.001280 0.002082],[0.000316 0.002375],[0.001599 0.059473],[0.005450 0.000592],[-0.006451 -0.003474],[0.002810 -0.000137],[0.000178 0.012891],[0.003433 -0.008001],[0.000526 -0.000867],[0.004952 0.045487],[0.022896 -0.002297],[0.000395 0.002412],[0.004230 0.001316],[-0.000484 -0.008076],[0.005361 0.004421],[0.000601 0.004417],[0.004386 0.002593],[0.001484 -0.002838],[0.001067 0.000172],[-0.005411 -0.000979],[-0.056421 0.000729],[0.000487 0.000122],[-0.000371 0.002146],[-0.001110 0.000171]
[-0.002466 -0.002742],[-0.005957 0.003468],[0.099103 0.000267],[0.004212 -0.001125],[0.004893 0.002942],[0.012470 -0.007679],[-0.000356 0.002574],[0.000535 0.001824],[0.039251 0.010640],[-0.025427 -0.001540],[-0.000303 -0.005337],[0.007464 -0.001687],[-0.000090 0.000586],[-0.001915 0.003474],[0.003903 -0.000634],[0.006034 0.023671],[0.002441 -0.001178],[-0.000449 0.070465],[0.008246 -0.001809],[0.003070 0.001680],[0.000131 0.005269],[0.000210 0.000735],[0.002114 -0.001467],[-0.005525 -0.006128],[-0.000828 0.016116],[-0.000501 0.002680],[-0.000053 -0.005920],[-0.000115 -0.003797],[-0.007029 -0.000989],[0.000184 0.001051],[0.000278 0.011143],[0.002441 -0.014504],[-0.024629 0.009077],[-0.000252 -0.003255],[0.000065 0.001336],[0.003122 0.004301],[-0.000418 -0.025488],[0.001087 -0.001709],[0.001381 0.000384],[-0.000706 -0.000763],[0.005130 0.000940],[-0.014142 -0.012314],[-0.002020 -0.001044],[-0.000502 -0.004202],[-0.011802 -0.025348],[-0.001916 0.000496],[-0.008851 0.000645],[0.008335 0.006383],[0.003653 -0.007745],[0.006522 -0.004472],[-0.000594 0.000229],[-0.001622 -0.000237],[0.005318 -0.000697],[-0.000399 -0.001891],[-0.001778 0.002793],[0.000633 0.004075],[-0.000178 -0.000280],[-0.000400 -0.000598],[-0.000415 -0.017431],[0.003065 -0.001145],[-0.000361 0.080517],[0.000606 -0.001158],[0.001833 0.000662],[0.000909 -0.002336],[0.003392 -0.000466],[0.000173 0.000717],[0.000149 -0.000365],[-0.000435 0.003537],[-0.005025 -0.000428],[0.003833 -0.018405],[0.000214 0.000887],[-0.002049 0.000671],[0.003245 0.000236],[-0.002826 0.000962],[-0.003323 -0.019631],[-0.000690 0.008084],[0.000799 0.001169],[0.000411 -0.001344],[0.001250 0.048455],[0.003839 0.000845],[-0.004663 -0.004763],[0.007097 -0.000197],[-0.000269 0.000126],[-0.001018 -0.013300],[0.001316 -0.006254],[0.005480 -0.043500],[-0.016647 -0.001312],[-0.011946 0.003881],[0.001588 0.001370],[0.000081 0.002737],[0.002942 -0.003079],[0.000023 0.003683],[-0.004152 0.007051],[0.001634 -0.000098],[0.000733 -0.000242],[0.000678 -0.000596],[-0.030507 0.000457],[-0.000281 -0.000116],[-0.000348 0.002307],[-0.000796 0.002693]
